ImageID,Subset,OriginalURL,OriginalLandingURL,License,AuthorProfileURL,Author,Title,OriginalSize,OriginalMD5,Thumbnail300KURL,Rotation
img_0000000000,default,,,,,,,,,,
img_0000000001,default,,,,,,,,,,
img_0000000002,default,,,,,,,,,,
img_0000000003,default,,,,,,,,,,
img_0000000004,default,,,,,,,,,,
img_0000000005,default,,,,,,,,,,
img_0000000006,default,,,,,,,,,,
img_0000000007,default,,,,,,,,,,
img_0000000008,default,,,,,,,,,,
img_0000000009,default,,,,,,,,,,
img_0000000010,default,,,,,,,,,,
img_0000000011,default,,,,,,,,,,
img_0000000012,default,,,,,,,,,,
img_0000000013,default,,,,,,,,,,
img_0000000014,default,,,,,,,,,,
img_0000000015,default,,,,,,,,,,
img_0000000016,default,,,,,,,,,,
img_0000000017,default,,,,,,,,,,
img_0000000018,default,,,,,,,,,,
img_0000000019,default,,,,,,,,,,
img_0000000020,default,,,,,,,,,,
img_0000000021,default,,,,,,,,,,
img_0000000022,default,,,,,,,,,,
img_0000000023,default,,,,,,,,,,
img_0000000024,default,,,,,,,,,,
img_0000000025,default,,,,,,,,,,
img_0000000026,default,,,,,,,,,,
img_0000000027,default,,,,,,,,,,
img_0000000028,default,,,,,,,,,,
img_0000000029,default,,,,,,,,,,
img_0000000030,default,,,,,,,,,,
img_0000000031,default,,,,,,,,,,
img_0000000032,default,,,,,,,,,,
img_0000000033,default,,,,,,,,,,
img_0000000034,default,,,,,,,,,,
img_0000000035,default,,,,,,,,,,
img_0000000036,default,,,,,,,,,,
img_0000000037,default,,,,,,,,,,
img_0000000038,default,,,,,,,,,,
img_0000000039,default,,,,,,,,,,
img_0000000040,default,,,,,,,,,,
img_0000000041,default,,,,,,,,,,
img_0000000042,default,,,,,,,,,,
img_0000000043,default,,,,,,,,,,
img_0000000044,default,,,,,,,,,,
img_0000000045,default,,,,,,,,,,
img_0000000046,default,,,,,,,,,,
img_0000000047,default,,,,,,,,,,
img_0000000048,default,,,,,,,,,,
img_0000000049,default,,,,,,,,,,
img_0000000050,default,,,,,,,,,,
img_0000000051,default,,,,,,,,,,
img_0000000052,default,,,,,,,,,,
img_0000000053,default,,,,,,,,,,
img_0000000054,default,,,,,,,,,,
img_0000000055,default,,,,,,,,,,
img_0000000056,default,,,,,,,,,,
img_0000000057,default,,,,,,,,,,
img_0000000058,default,,,,,,,,,,
img_0000000059,default,,,,,,,,,,
img_0000000060,default,,,,,,,,,,
img_0000000061,default,,,,,,,,,,
img_0000000062,default,,,,,,,,,,
img_0000000063,default,,,,,,,,,,
img_0000000064,default,,,,,,,,,,
img_0000000065,default,,,,,,,,,,
img_0000000066,default,,,,,,,,,,
img_0000000067,default,,,,,,,,,,
img_0000000068,default,,,,,,,,,,
img_0000000069,default,,,,,,,,,,
img_0000000070,default,,,,,,,,,,
img_0000000071,default,,,,,,,,,,
img_0000000072,default,,,,,,,,,,
img_0000000073,default,,,,,,,,,,
img_0000000074,default,,,,,,,,,,
img_0000000075,default,,,,,,,,,,
img_0000000076,default,,,,,,,,,,
img_0000000077,default,,,,,,,,,,
img_0000000078,default,,,,,,,,,,
img_0000000079,default,,,,,,,,,,
img_0000000080,default,,,,,,,,,,
img_0000000081,default,,,,,,,,,,
img_0000000082,default,,,,,,,,,,
img_0000000083,default,,,,,,,,,,
img_0000000084,default,,,,,,,,,,
img_0000000085,default,,,,,,,,,,
img_0000000086,default,,,,,,,,,,
img_0000000087,default,,,,,,,,,,
img_0000000088,default,,,,,,,,,,
img_0000000089,default,,,,,,,,,,
img_0000000090,default,,,,,,,,,,
img_0000000091,default,,,,,,,,,,
img_0000000092,default,,,,,,,,,,
img_0000000093,default,,,,,,,,,,
img_0000000094,default,,,,,,,,,,
img_0000000095,default,,,,,,,,,,
img_0000000096,default,,,,,,,,,,
img_0000000097,default,,,,,,,,,,
img_0000000098,default,,,,,,,,,,
img_0000000099,default,,,,,,,,,,
img_0000000100,default,,,,,,,,,,
img_0000000101,default,,,,,,,,,,
img_0000000102,default,,,,,,,,,,
img_0000000103,default,,,,,,,,,,
img_0000000104,default,,,,,,,,,,
img_0000000105,default,,,,,,,,,,
img_0000000106,default,,,,,,,,,,
img_0000000107,default,,,,,,,,,,
img_0000000108,default,,,,,,,,,,
img_0000000109,default,,,,,,,,,,
img_0000000110,default,,,,,,,,,,
img_0000000111,default,,,,,,,,,,
img_0000000112,default,,,,,,,,,,
img_0000000113,default,,,,,,,,,,
img_0000000114,default,,,,,,,,,,
img_0000000115,default,,,,,,,,,,
img_0000000116,default,,,,,,,,,,
img_0000000117,default,,,,,,,,,,
img_0000000118,default,,,,,,,,,,
img_0000000119,default,,,,,,,,,,
img_0000000120,default,,,,,,,,,,
img_0000000121,default,,,,,,,,,,
img_0000000122,default,,,,,,,,,,
img_0000000123,default,,,,,,,,,,
img_0000000124,default,,,,,,,,,,
img_0000000125,default,,,,,,,,,,
img_0000000126,default,,,,,,,,,,
img_0000000127,default,,,,,,,,,,
img_0000000128,default,,,,,,,,,,
img_0000000129,default,,,,,,,,,,
img_0000000130,default,,,,,,,,,,
img_0000000131,default,,,,,,,,,,
img_0000000132,default,,,,,,,,,,
img_0000000133,default,,,,,,,,,,
img_0000000134,default,,,,,,,,,,
img_0000000135,default,,,,,,,,,,
img_0000000136,default,,,,,,,,,,
img_0000000137,default,,,,,,,,,,
img_0000000138,default,,,,,,,,,,
img_0000000139,default,,,,,,,,,,
img_0000000140,default,,,,,,,,,,
img_0000000141,default,,,,,,,,,,
img_0000000142,default,,,,,,,,,,
img_0000000143,default,,,,,,,,,,
img_0000000144,default,,,,,,,,,,
img_0000000145,default,,,,,,,,,,
img_0000000146,default,,,,,,,,,,
img_0000000147,default,,,,,,,,,,
img_0000000148,default,,,,,,,,,,
img_0000000149,default,,,,,,,,,,
img_0000000150,default,,,,,,,,,,
img_0000000151,default,,,,,,,,,,
img_0000000152,default,,,,,,,,,,
img_0000000153,default,,,,,,,,,,
img_0000000154,default,,,,,,,,,,
img_0000000155,default,,,,,,,,,,
img_0000000156,default,,,,,,,,,,
img_0000000157,default,,,,,,,,,,
img_0000000158,default,,,,,,,,,,
img_0000000159,default,,,,,,,,,,
img_0000000160,default,,,,,,,,,,
img_0000000161,default,,,,,,,,,,
img_0000000162,default,,,,,,,,,,
img_0000000163,default,,,,,,,,,,
img_0000000164,default,,,,,,,,,,
img_0000000165,default,,,,,,,,,,
img_0000000166,default,,,,,,,,,,
img_0000000167,default,,,,,,,,,,
img_0000000168,default,,,,,,,,,,
img_0000000169,default,,,,,,,,,,
img_0000000170,default,,,,,,,,,,
img_0000000171,default,,,,,,,,,,
img_0000000172,default,,,,,,,,,,
img_0000000173,default,,,,,,,,,,
img_0000000174,default,,,,,,,,,,
img_0000000175,default,,,,,,,,,,
img_0000000176,default,,,,,,,,,,
img_0000000177,default,,,,,,,,,,
img_0000000178,default,,,,,,,,,,
img_0000000179,default,,,,,,,,,,
img_0000000180,default,,,,,,,,,,
img_0000000181,default,,,,,,,,,,
img_0000000182,default,,,,,,,,,,
img_0000000183,default,,,,,,,,,,
img_0000000184,default,,,,,,,,,,
img_0000000185,default,,,,,,,,,,
img_0000000186,default,,,,,,,,,,
img_0000000187,default,,,,,,,,,,
img_0000000188,default,,,,,,,,,,
img_0000000189,default,,,,,,,,,,
img_0000000190,default,,,,,,,,,,
img_0000000191,default,,,,,,,,,,
img_0000000192,default,,,,,,,,,,
img_0000000193,default,,,,,,,,,,
img_0000000194,default,,,,,,,,,,
img_0000000195,default,,,,,,,,,,
img_0000000196,default,,,,,,,,,,
img_0000000197,default,,,,,,,,,,
img_0000000198,default,,,,,,,,,,
img_0000000199,default,,,,,,,,,,
img_0000000200,default,,,,,,,,,,
img_0000000201,default,,,,,,,,,,
img_0000000202,default,,,,,,,,,,
img_0000000203,default,,,,,,,,,,
img_0000000204,default,,,,,,,,,,
img_0000000205,default,,,,,,,,,,
img_0000000206,default,,,,,,,,,,
img_0000000207,default,,,,,,,,,,
img_0000000208,default,,,,,,,,,,
img_0000000209,default,,,,,,,,,,
img_0000000210,default,,,,,,,,,,
img_0000000211,default,,,,,,,,,,
img_0000000212,default,,,,,,,,,,
img_0000000213,default,,,,,,,,,,
img_0000000214,default,,,,,,,,,,
img_0000000215,default,,,,,,,,,,
img_0000000216,default,,,,,,,,,,
img_0000000217,default,,,,,,,,,,
img_0000000218,default,,,,,,,,,,
img_0000000219,default,,,,,,,,,,
img_0000000220,default,,,,,,,,,,
img_0000000221,default,,,,,,,,,,
img_0000000222,default,,,,,,,,,,
img_0000000223,default,,,,,,,,,,
img_0000000224,default,,,,,,,,,,
img_0000000225,default,,,,,,,,,,
img_0000000226,default,,,,,,,,,,
img_0000000227,default,,,,,,,,,,
img_0000000228,default,,,,,,,,,,
img_0000000229,default,,,,,,,,,,
img_0000000230,default,,,,,,,,,,
img_0000000231,default,,,,,,,,,,
img_0000000232,default,,,,,,,,,,
img_0000000233,default,,,,,,,,,,
img_0000000234,default,,,,,,,,,,
img_0000000235,default,,,,,,,,,,
img_0000000236,default,,,,,,,,,,
img_0000000237,default,,,,,,,,,,
img_0000000238,default,,,,,,,,,,
img_0000000239,default,,,,,,,,,,
img_0000000240,default,,,,,,,,,,
img_0000000241,default,,,,,,,,,,
img_0000000242,default,,,,,,,,,,
img_0000000243,default,,,,,,,,,,
img_0000000244,default,,,,,,,,,,
img_0000000245,default,,,,,,,,,,
img_0000000246,default,,,,,,,,,,
img_0000000247,default,,,,,,,,,,
img_0000000248,default,,,,,,,,,,
img_0000000249,default,,,,,,,,,,
img_0000000250,default,,,,,,,,,,
img_0000000251,default,,,,,,,,,,
img_0000000252,default,,,,,,,,,,
img_0000000253,default,,,,,,,,,,
img_0000000254,default,,,,,,,,,,
img_0000000255,default,,,,,,,,,,
img_0000000256,default,,,,,,,,,,
img_0000000257,default,,,,,,,,,,
img_0000000258,default,,,,,,,,,,
img_0000000259,default,,,,,,,,,,
img_0000000260,default,,,,,,,,,,
img_0000000261,default,,,,,,,,,,
img_0000000262,default,,,,,,,,,,
img_0000000263,default,,,,,,,,,,
img_0000000264,default,,,,,,,,,,
img_0000000265,default,,,,,,,,,,
img_0000000266,default,,,,,,,,,,
img_0000000267,default,,,,,,,,,,
img_0000000268,default,,,,,,,,,,
img_0000000269,default,,,,,,,,,,
img_0000000270,default,,,,,,,,,,
img_0000000271,default,,,,,,,,,,
img_0000000272,default,,,,,,,,,,
img_0000000273,default,,,,,,,,,,
img_0000000274,default,,,,,,,,,,
img_0000000275,default,,,,,,,,,,
img_0000000276,default,,,,,,,,,,
img_0000000277,default,,,,,,,,,,
img_0000000278,default,,,,,,,,,,
img_0000000279,default,,,,,,,,,,
img_0000000280,default,,,,,,,,,,
img_0000000281,default,,,,,,,,,,
img_0000000282,default,,,,,,,,,,
img_0000000283,default,,,,,,,,,,
img_0000000284,default,,,,,,,,,,
img_0000000285,default,,,,,,,,,,
img_0000000286,default,,,,,,,,,,
img_0000000287,default,,,,,,,,,,
img_0000000288,default,,,,,,,,,,
img_0000000289,default,,,,,,,,,,
img_0000000290,default,,,,,,,,,,
img_0000000291,default,,,,,,,,,,
img_0000000292,default,,,,,,,,,,
img_0000000293,default,,,,,,,,,,
img_0000000294,default,,,,,,,,,,
img_0000000295,default,,,,,,,,,,
img_0000000296,default,,,,,,,,,,
img_0000000297,default,,,,,,,,,,
img_0000000298,default,,,,,,,,,,
img_0000000299,default,,,,,,,,,,
img_0000000300,default,,,,,,,,,,
img_0000000301,default,,,,,,,,,,
img_0000000302,default,,,,,,,,,,
img_0000000303,default,,,,,,,,,,
img_0000000304,default,,,,,,,,,,
img_0000000305,default,,,,,,,,,,
img_0000000306,default,,,,,,,,,,
img_0000000307,default,,,,,,,,,,
img_0000000308,default,,,,,,,,,,
img_0000000309,default,,,,,,,,,,
img_0000000310,default,,,,,,,,,,
img_0000000311,default,,,,,,,,,,
img_0000000312,default,,,,,,,,,,
img_0000000313,default,,,,,,,,,,
img_0000000314,default,,,,,,,,,,
img_0000000315,default,,,,,,,,,,
img_0000000316,default,,,,,,,,,,
img_0000000317,default,,,,,,,,,,
img_0000000318,default,,,,,,,,,,
img_0000000319,default,,,,,,,,,,
img_0000000320,default,,,,,,,,,,
img_0000000321,default,,,,,,,,,,
img_0000000322,default,,,,,,,,,,
img_0000000323,default,,,,,,,,,,
img_0000000324,default,,,,,,,,,,
img_0000000325,default,,,,,,,,,,
img_0000000326,default,,,,,,,,,,
img_0000000327,default,,,,,,,,,,
img_0000000328,default,,,,,,,,,,
img_0000000329,default,,,,,,,,,,
img_0000000330,default,,,,,,,,,,
img_0000000331,default,,,,,,,,,,
img_0000000332,default,,,,,,,,,,
img_0000000333,default,,,,,,,,,,
img_0000000334,default,,,,,,,,,,
img_0000000335,default,,,,,,,,,,
img_0000000336,default,,,,,,,,,,
img_0000000337,default,,,,,,,,,,
img_0000000338,default,,,,,,,,,,
img_0000000339,default,,,,,,,,,,
img_0000000340,default,,,,,,,,,,
img_0000000341,default,,,,,,,,,,
img_0000000342,default,,,,,,,,,,
img_0000000343,default,,,,,,,,,,
img_0000000344,default,,,,,,,,,,
img_0000000345,default,,,,,,,,,,
img_0000000346,default,,,,,,,,,,
img_0000000347,default,,,,,,,,,,
img_0000000348,default,,,,,,,,,,
img_0000000349,default,,,,,,,,,,
img_0000000350,default,,,,,,,,,,
img_0000000351,default,,,,,,,,,,
img_0000000352,default,,,,,,,,,,
img_0000000353,default,,,,,,,,,,
img_0000000354,default,,,,,,,,,,
img_0000000355,default,,,,,,,,,,
img_0000000356,default,,,,,,,,,,
img_0000000357,default,,,,,,,,,,
img_0000000358,default,,,,,,,,,,
img_0000000359,default,,,,,,,,,,
img_0000000360,default,,,,,,,,,,
img_0000000361,default,,,,,,,,,,
img_0000000362,default,,,,,,,,,,
img_0000000363,default,,,,,,,,,,
img_0000000364,default,,,,,,,,,,
img_0000000365,default,,,,,,,,,,
img_0000000366,default,,,,,,,,,,
img_0000000367,default,,,,,,,,,,
img_0000000368,default,,,,,,,,,,
img_0000000369,default,,,,,,,,,,
img_0000000370,default,,,,,,,,,,
img_0000000371,default,,,,,,,,,,
img_0000000372,default,,,,,,,,,,
img_0000000373,default,,,,,,,,,,
img_0000000374,default,,,,,,,,,,
img_0000000375,default,,,,,,,,,,
img_0000000376,default,,,,,,,,,,
img_0000000377,default,,,,,,,,,,
img_0000000378,default,,,,,,,,,,
img_0000000379,default,,,,,,,,,,
img_0000000380,default,,,,,,,,,,
img_0000000381,default,,,,,,,,,,
img_0000000382,default,,,,,,,,,,
img_0000000383,default,,,,,,,,,,
img_0000000384,default,,,,,,,,,,
img_0000000385,default,,,,,,,,,,
img_0000000386,default,,,,,,,,,,
img_0000000387,default,,,,,,,,,,
img_0000000388,default,,,,,,,,,,
img_0000000389,default,,,,,,,,,,
img_0000000390,default,,,,,,,,,,
img_0000000391,default,,,,,,,,,,
img_0000000392,default,,,,,,,,,,
img_0000000393,default,,,,,,,,,,
img_0000000394,default,,,,,,,,,,
img_0000000395,default,,,,,,,,,,
img_0000000396,default,,,,,,,,,,
img_0000000397,default,,,,,,,,,,
img_0000000398,default,,,,,,,,,,
img_0000000399,default,,,,,,,,,,
img_0000000400,default,,,,,,,,,,
img_0000000401,default,,,,,,,,,,
img_0000000402,default,,,,,,,,,,
img_0000000403,default,,,,,,,,,,
img_0000000404,default,,,,,,,,,,
img_0000000405,default,,,,,,,,,,
img_0000000406,default,,,,,,,,,,
img_0000000407,default,,,,,,,,,,
img_0000000408,default,,,,,,,,,,
img_0000000409,default,,,,,,,,,,
img_0000000410,default,,,,,,,,,,
img_0000000411,default,,,,,,,,,,
img_0000000412,default,,,,,,,,,,
img_0000000413,default,,,,,,,,,,
img_0000000414,default,,,,,,,,,,
img_0000000415,default,,,,,,,,,,
img_0000000416,default,,,,,,,,,,
img_0000000417,default,,,,,,,,,,
img_0000000418,default,,,,,,,,,,
img_0000000419,default,,,,,,,,,,
img_0000000420,default,,,,,,,,,,
img_0000000421,default,,,,,,,,,,
img_0000000422,default,,,,,,,,,,
img_0000000423,default,,,,,,,,,,
img_0000000424,default,,,,,,,,,,
img_0000000425,default,,,,,,,,,,
img_0000000426,default,,,,,,,,,,
img_0000000427,default,,,,,,,,,,
img_0000000428,default,,,,,,,,,,
img_0000000429,default,,,,,,,,,,
img_0000000430,default,,,,,,,,,,
img_0000000431,default,,,,,,,,,,
img_0000000432,default,,,,,,,,,,
img_0000000433,default,,,,,,,,,,
img_0000000434,default,,,,,,,,,,
img_0000000435,default,,,,,,,,,,
img_0000000436,default,,,,,,,,,,
img_0000000437,default,,,,,,,,,,
img_0000000438,default,,,,,,,,,,
img_0000000439,default,,,,,,,,,,
img_0000000440,default,,,,,,,,,,
img_0000000441,default,,,,,,,,,,
img_0000000442,default,,,,,,,,,,
img_0000000443,default,,,,,,,,,,
img_0000000444,default,,,,,,,,,,
img_0000000445,default,,,,,,,,,,
img_0000000446,default,,,,,,,,,,
img_0000000447,default,,,,,,,,,,
img_0000000448,default,,,,,,,,,,
img_0000000449,default,,,,,,,,,,
img_0000000450,default,,,,,,,,,,
img_0000000451,default,,,,,,,,,,
img_0000000452,default,,,,,,,,,,
img_0000000453,default,,,,,,,,,,
img_0000000454,default,,,,,,,,,,
img_0000000455,default,,,,,,,,,,
img_0000000456,default,,,,,,,,,,
img_0000000457,default,,,,,,,,,,
img_0000000458,default,,,,,,,,,,
img_0000000459,default,,,,,,,,,,
img_0000000460,default,,,,,,,,,,
img_0000000461,default,,,,,,,,,,
img_0000000462,default,,,,,,,,,,
img_0000000463,default,,,,,,,,,,
img_0000000464,default,,,,,,,,,,
img_0000000465,default,,,,,,,,,,
img_0000000466,default,,,,,,,,,,
img_0000000467,default,,,,,,,,,,
img_0000000468,default,,,,,,,,,,
img_0000000469,default,,,,,,,,,,
img_0000000470,default,,,,,,,,,,
img_0000000471,default,,,,,,,,,,
img_0000000472,default,,,,,,,,,,
img_0000000473,default,,,,,,,,,,
img_0000000474,default,,,,,,,,,,
img_0000000475,default,,,,,,,,,,
img_0000000476,default,,,,,,,,,,
img_0000000477,default,,,,,,,,,,
img_0000000478,default,,,,,,,,,,
img_0000000479,default,,,,,,,,,,
img_0000000480,default,,,,,,,,,,
img_0000000481,default,,,,,,,,,,
img_0000000482,default,,,,,,,,,,
img_0000000483,default,,,,,,,,,,
img_0000000484,default,,,,,,,,,,
img_0000000485,default,,,,,,,,,,
img_0000000486,default,,,,,,,,,,
img_0000000487,default,,,,,,,,,,
img_0000000488,default,,,,,,,,,,
img_0000000489,default,,,,,,,,,,
img_0000000490,default,,,,,,,,,,
img_0000000491,default,,,,,,,,,,
img_0000000492,default,,,,,,,,,,
img_0000000493,default,,,,,,,,,,
img_0000000494,default,,,,,,,,,,
img_0000000495,default,,,,,,,,,,
img_0000000496,default,,,,,,,,,,
img_0000000497,default,,,,,,,,,,
img_0000000498,default,,,,,,,,,,
img_0000000499,default,,,,,,,,,,
img_0000000500,default,,,,,,,,,,
img_0000000501,default,,,,,,,,,,
img_0000000502,default,,,,,,,,,,
img_0000000503,default,,,,,,,,,,
img_0000000504,default,,,,,,,,,,
img_0000000505,default,,,,,,,,,,
img_0000000506,default,,,,,,,,,,
img_0000000507,default,,,,,,,,,,
img_0000000508,default,,,,,,,,,,
img_0000000509,default,,,,,,,,,,
img_0000000510,default,,,,,,,,,,
img_0000000511,default,,,,,,,,,,
img_0000000512,default,,,,,,,,,,
img_0000000513,default,,,,,,,,,,
img_0000000514,default,,,,,,,,,,
img_0000000515,default,,,,,,,,,,
img_0000000516,default,,,,,,,,,,
img_0000000517,default,,,,,,,,,,
img_0000000518,default,,,,,,,,,,
img_0000000519,default,,,,,,,,,,
img_0000000520,default,,,,,,,,,,
img_0000000521,default,,,,,,,,,,
img_0000000522,default,,,,,,,,,,
img_0000000523,default,,,,,,,,,,
img_0000000524,default,,,,,,,,,,
img_0000000525,default,,,,,,,,,,
img_0000000526,default,,,,,,,,,,
img_0000000527,default,,,,,,,,,,
img_0000000528,default,,,,,,,,,,
img_0000000529,default,,,,,,,,,,
img_0000000530,default,,,,,,,,,,
img_0000000531,default,,,,,,,,,,
img_0000000532,default,,,,,,,,,,
img_0000000533,default,,,,,,,,,,
img_0000000534,default,,,,,,,,,,
img_0000000535,default,,,,,,,,,,
img_0000000536,default,,,,,,,,,,
img_0000000537,default,,,,,,,,,,
img_0000000538,default,,,,,,,,,,
img_0000000539,default,,,,,,,,,,
img_0000000540,default,,,,,,,,,,
img_0000000541,default,,,,,,,,,,
img_0000000542,default,,,,,,,,,,
img_0000000543,default,,,,,,,,,,
